Method,Job,AnalyzeLaunchVariance,EvaluateOverhead,MaxAbsoluteError,MaxRelativeError,MinInvokeCount,MinIterationTime,OutlierMode,Affinity,EnvironmentVariables,Jit,LargeAddressAware,Platform,PowerPlanMode,Runtime,AllowVeryLargeObjects,Concurrent,CpuGroups,Force,HeapAffinitizeMask,HeapCount,NoAffinitize,RetainVm,Server,Arguments,BuildConfiguration,Clock,EngineFactory,NuGetReferences,Toolchain,IsMutator,InvocationCount,IterationCount,IterationTime,LaunchCount,MaxIterationCount,MaxWarmupIterationCount,MemoryRandomization,MinIterationCount,MinWarmupIterationCount,RunStrategy,UnrollFactor,WarmupCount,Mean,Error,StdDev,Gen0,Gen1,Gen2,Allocated
Nextorm_Cached_ToListAsync,DefaultJob,False,Default,Default,Default,Default,Default,Default,1111111111111111,Empty,RyuJit,Default,X64,8c5e7fda-e8bf-4a96-9a85-a6e23a8c635c,.NET 10.0,False,True,False,True,Default,Default,False,False,False,Default,Default,Default,Default,Default,Default,Default,Default,Default,Default,Default,Default,Default,Default,Default,Default,Default,16,Default,8.410 ms,0.1497 ms,0.1327 ms,265.6250,156.2500,0.0000,2.22 MB
Nextorm_Prepared_ToListAsync,DefaultJob,False,Default,Default,Default,Default,Default,Default,1111111111111111,Empty,RyuJit,Default,X64,8c5e7fda-e8bf-4a96-9a85-a6e23a8c635c,.NET 10.0,False,True,False,True,Default,Default,False,False,False,Default,Default,Default,Default,Default,Default,Default,Default,Default,Default,Default,Default,Default,Default,Default,Default,Default,16,Default,8.425 ms,0.0796 ms,0.0744 ms,265.6250,156.2500,0.0000,2.21 MB
AdoTupleToList,DefaultJob,False,Default,Default,Default,Default,Default,Default,1111111111111111,Empty,RyuJit,Default,X64,8c5e7fda-e8bf-4a96-9a85-a6e23a8c635c,.NET 10.0,False,True,False,True,Default,Default,False,False,False,Default,Default,Default,Default,Default,Default,Default,Default,Default,Default,Default,Default,Default,Default,Default,Default,Default,16,Default,8.531 ms,0.1105 ms,0.0980 ms,281.2500,281.2500,281.2500,2.68 MB
Nextorm_Cached_AsyncStream,DefaultJob,False,Default,Default,Default,Default,Default,Default,1111111111111111,Empty,RyuJit,Default,X64,8c5e7fda-e8bf-4a96-9a85-a6e23a8c635c,.NET 10.0,False,True,False,True,Default,Default,False,False,False,Default,Default,Default,Default,Default,Default,Default,Default,Default,Default,Default,Default,Default,Default,Default,Default,Default,16,Default,8.612 ms,0.1464 ms,0.1369 ms,265.6250,0.0000,0.0000,2.14 MB
Nextorm_Prepared_AsyncStream,DefaultJob,False,Default,Default,Default,Default,Default,Default,1111111111111111,Empty,RyuJit,Default,X64,8c5e7fda-e8bf-4a96-9a85-a6e23a8c635c,.NET 10.0,False,True,False,True,Default,Default,False,False,False,Default,Default,Default,Default,Default,Default,Default,Default,Default,Default,Default,Default,Default,Default,Default,Default,Default,16,Default,8.675 ms,0.0773 ms,0.0723 ms,265.6250,0.0000,0.0000,2.14 MB
Dapper_AsyncStream,DefaultJob,False,Default,Default,Default,Default,Default,Default,1111111111111111,Empty,RyuJit,Default,X64,8c5e7fda-e8bf-4a96-9a85-a6e23a8c635c,.NET 10.0,False,True,False,True,Default,Default,False,False,False,Default,Default,Default,Default,Default,Default,Default,Default,Default,Default,Default,Default,Default,Default,Default,Default,Default,16,Default,8.986 ms,0.0486 ms,0.0431 ms,312.5000,0.0000,0.0000,2.59 MB
Linq2Db_AsyncStream,DefaultJob,False,Default,Default,Default,Default,Default,Default,1111111111111111,Empty,RyuJit,Default,X64,8c5e7fda-e8bf-4a96-9a85-a6e23a8c635c,.NET 10.0,False,True,False,True,Default,Default,False,False,False,Default,Default,Default,Default,Default,Default,Default,Default,Default,Default,Default,Default,Default,Default,Default,Default,Default,16,Default,9.305 ms,0.0715 ms,0.0669 ms,265.6250,0.0000,0.0000,2.14 MB
EFCore_Compiled_AsyncStream,DefaultJob,False,Default,Default,Default,Default,Default,Default,1111111111111111,Empty,RyuJit,Default,X64,8c5e7fda-e8bf-4a96-9a85-a6e23a8c635c,.NET 10.0,False,True,False,True,Default,Default,False,False,False,Default,Default,Default,Default,Default,Default,Default,Default,Default,Default,Default,Default,Default,Default,Default,Default,Default,16,Default,10.021 ms,0.0758 ms,0.0672 ms,531.2500,0.0000,0.0000,4.28 MB
EFCore_AsyncStream,DefaultJob,False,Default,Default,Default,Default,Default,Default,1111111111111111,Empty,RyuJit,Default,X64,8c5e7fda-e8bf-4a96-9a85-a6e23a8c635c,.NET 10.0,False,True,False,True,Default,Default,False,False,False,Default,Default,Default,Default,Default,Default,Default,Default,Default,Default,Default,Default,Default,Default,Default,Default,Default,16,Default,10.037 ms,0.0719 ms,0.0600 ms,531.2500,0.0000,0.0000,4.28 MB
AdoWithDelegate,DefaultJob,False,Default,Default,Default,Default,Default,Default,1111111111111111,Empty,RyuJit,Default,X64,8c5e7fda-e8bf-4a96-9a85-a6e23a8c635c,.NET 10.0,False,True,False,True,Default,Default,False,False,False,Default,Default,Default,Default,Default,Default,Default,Default,Default,Default,Default,Default,Default,Default,Default,Default,Default,16,Default,10.608 ms,0.1372 ms,0.1284 ms,328.1250,265.6250,93.7500,2.39 MB
Dapper_Async,DefaultJob,False,Default,Default,Default,Default,Default,Default,1111111111111111,Empty,RyuJit,Default,X64,8c5e7fda-e8bf-4a96-9a85-a6e23a8c635c,.NET 10.0,False,True,False,True,Default,Default,False,False,False,Default,Default,Default,Default,Default,Default,Default,Default,Default,Default,Default,Default,Default,Default,Default,Default,Default,16,Default,11.651 ms,0.2197 ms,0.2055 ms,375.0000,250.0000,93.7500,2.84 MB
Linq2Db_ToListAsync,DefaultJob,False,Default,Default,Default,Default,Default,Default,1111111111111111,Empty,RyuJit,Default,X64,8c5e7fda-e8bf-4a96-9a85-a6e23a8c635c,.NET 10.0,False,True,False,True,Default,Default,False,False,False,Default,Default,Default,Default,Default,Default,Default,Default,Default,Default,Default,Default,Default,Default,Default,Default,Default,16,Default,11.670 ms,0.0669 ms,0.0593 ms,343.7500,265.6250,78.1250,2.39 MB
EFCore_ToListAsync,DefaultJob,False,Default,Default,Default,Default,Default,Default,1111111111111111,Empty,RyuJit,Default,X64,8c5e7fda-e8bf-4a96-9a85-a6e23a8c635c,.NET 10.0,False,True,False,True,Default,Default,False,False,False,Default,Default,Default,Default,Default,Default,Default,Default,Default,Default,Default,Default,Default,Default,Default,Default,Default,16,Default,13.588 ms,0.1516 ms,0.1266 ms,625.0000,406.2500,93.7500,4.53 MB
