Method,Job,AnalyzeLaunchVariance,EvaluateOverhead,MaxAbsoluteError,MaxRelativeError,MinInvokeCount,MinIterationTime,OutlierMode,Affinity,EnvironmentVariables,Jit,LargeAddressAware,Platform,PowerPlanMode,Runtime,AllowVeryLargeObjects,Concurrent,CpuGroups,Force,HeapAffinitizeMask,HeapCount,NoAffinitize,RetainVm,Server,Arguments,BuildConfiguration,Clock,EngineFactory,NuGetReferences,Toolchain,IsMutator,InvocationCount,IterationCount,IterationTime,LaunchCount,MaxIterationCount,MaxWarmupIterationCount,MemoryRandomization,MinIterationCount,MinWarmupIterationCount,RunStrategy,UnrollFactor,WarmupCount,Categories,RowCount,Mean,Error,StdDev,Ratio,RatioSD,Gen0,Gen1,Gen2,Allocated,Alloc Ratio
Flat_MaterializeStj,ShortRun,False,Default,Default,Default,Default,Default,Default,11111111,Empty,RyuJit,Default,X64,8c5e7fda-e8bf-4a96-9a85-a6e23a8c635c,.NET 10.0,False,True,False,True,Default,Default,False,False,False,Default,Default,Default,Default,Default,InProcessEmitToolchain,Default,Default,3,Default,1,Default,Default,Default,Default,Default,Default,16,3,json-stream-phase2,1000,439.0 μs,287.93 μs,15.78 μs,1.00,0.04,10.7422,0.9766,0.0000,88.41 KB,1.00
ConditionalNullArm_MaterializeStj,ShortRun,False,Default,Default,Default,Default,Default,Default,11111111,Empty,RyuJit,Default,X64,8c5e7fda-e8bf-4a96-9a85-a6e23a8c635c,.NET 10.0,False,True,False,True,Default,Default,False,False,False,Default,Default,Default,Default,Default,InProcessEmitToolchain,Default,Default,3,Default,1,Default,Default,Default,Default,Default,Default,16,3,json-stream-phase2,1000,483.0 μs,305.27 μs,16.73 μs,1.10,0.05,17.0898,2.9297,0.0000,141.72 KB,1.60
ByteArrayBase64_MaterializeStj,ShortRun,False,Default,Default,Default,Default,Default,Default,11111111,Empty,RyuJit,Default,X64,8c5e7fda-e8bf-4a96-9a85-a6e23a8c635c,.NET 10.0,False,True,False,True,Default,Default,False,False,False,Default,Default,Default,Default,Default,InProcessEmitToolchain,Default,Default,3,Default,1,Default,Default,Default,Default,Default,Default,16,3,json-stream-phase2,1000,501.2 μs,158.78 μs,8.70 μs,1.14,0.04,28.3203,28.3203,28.3203,186.32 KB,2.11
Nested_MaterializeStj,ShortRun,False,Default,Default,Default,Default,Default,Default,11111111,Empty,RyuJit,Default,X64,8c5e7fda-e8bf-4a96-9a85-a6e23a8c635c,.NET 10.0,False,True,False,True,Default,Default,False,False,False,Default,Default,Default,Default,Default,InProcessEmitToolchain,Default,Default,3,Default,1,Default,Default,Default,Default,Default,Default,16,3,json-stream-phase2,1000,636.5 μs,85.16 μs,4.67 μs,1.45,0.05,22.4609,4.8828,0.0000,189.1 KB,2.14
ByteArrayBase64_Stream,ShortRun,False,Default,Default,Default,Default,Default,Default,11111111,Empty,RyuJit,Default,X64,8c5e7fda-e8bf-4a96-9a85-a6e23a8c635c,.NET 10.0,False,True,False,True,Default,Default,False,False,False,Default,Default,Default,Default,Default,InProcessEmitToolchain,Default,Default,3,Default,1,Default,Default,Default,Default,Default,Default,16,3,json-stream-phase2,1000,810.4 μs,204.64 μs,11.22 μs,1.85,0.06,11.7188,3.9063,0.0000,101.03 KB,1.14
JoinedSlots_MaterializeStj,ShortRun,False,Default,Default,Default,Default,Default,Default,11111111,Empty,RyuJit,Default,X64,8c5e7fda-e8bf-4a96-9a85-a6e23a8c635c,.NET 10.0,False,True,False,True,Default,Default,False,False,False,Default,Default,Default,Default,Default,InProcessEmitToolchain,Default,Default,3,Default,1,Default,Default,Default,Default,Default,Default,16,3,json-stream-phase2,1000,844.3 μs,163.94 μs,8.99 μs,1.92,0.06,17.5781,0.0000,0.0000,148.59 KB,1.68
Flat_Stream,ShortRun,False,Default,Default,Default,Default,Default,Default,11111111,Empty,RyuJit,Default,X64,8c5e7fda-e8bf-4a96-9a85-a6e23a8c635c,.NET 10.0,False,True,False,True,Default,Default,False,False,False,Default,Default,Default,Default,Default,InProcessEmitToolchain,Default,Default,3,Default,1,Default,Default,Default,Default,Default,Default,16,3,json-stream-phase2,1000,"2,146.1 μs","1,704.02 μs",93.40 μs,4.89,0.24,7.8125,3.9063,0.0000,64.24 KB,0.73
ConditionalNullArm_Stream,ShortRun,False,Default,Default,Default,Default,Default,Default,11111111,Empty,RyuJit,Default,X64,8c5e7fda-e8bf-4a96-9a85-a6e23a8c635c,.NET 10.0,False,True,False,True,Default,Default,False,False,False,Default,Default,Default,Default,Default,InProcessEmitToolchain,Default,Default,3,Default,1,Default,Default,Default,Default,Default,Default,16,3,json-stream-phase2,1000,"2,858.9 μs","1,827.10 μs",100.15 μs,6.52,0.28,3.9063,0.0000,0.0000,50.68 KB,0.57
Nested_Stream,ShortRun,False,Default,Default,Default,Default,Default,Default,11111111,Empty,RyuJit,Default,X64,8c5e7fda-e8bf-4a96-9a85-a6e23a8c635c,.NET 10.0,False,True,False,True,Default,Default,False,False,False,Default,Default,Default,Default,Default,InProcessEmitToolchain,Default,Default,3,Default,1,Default,Default,Default,Default,Default,Default,16,3,json-stream-phase2,1000,"3,568.1 μs","3,158.47 μs",173.13 μs,8.13,0.43,11.7188,7.8125,0.0000,96.62 KB,1.09
JoinedSlots_Stream,ShortRun,False,Default,Default,Default,Default,Default,Default,11111111,Empty,RyuJit,Default,X64,8c5e7fda-e8bf-4a96-9a85-a6e23a8c635c,.NET 10.0,False,True,False,True,Default,Default,False,False,False,Default,Default,Default,Default,Default,InProcessEmitToolchain,Default,Default,3,Default,1,Default,Default,Default,Default,Default,Default,16,3,json-stream-phase2,1000,"5,703.7 μs","1,473.57 μs",80.77 μs,13.00,0.44,15.6250,7.8125,0.0000,159.71 KB,1.81
ByteArrayBase64_MaterializeStj,ShortRun,False,Default,Default,Default,Default,Default,Default,11111111,Empty,RyuJit,Default,X64,8c5e7fda-e8bf-4a96-9a85-a6e23a8c635c,.NET 10.0,False,True,False,True,Default,Default,False,False,False,Default,Default,Default,Default,Default,InProcessEmitToolchain,Default,Default,3,Default,1,Default,Default,Default,Default,Default,Default,16,3,json-stream-phase2,10000,"4,371.9 μs",974.99 μs,53.44 μs,0.91,0.07,296.8750,250.0000,187.5000,1831.45 KB,2.13
ByteArrayBase64_Stream,ShortRun,False,Default,Default,Default,Default,Default,Default,11111111,Empty,RyuJit,Default,X64,8c5e7fda-e8bf-4a96-9a85-a6e23a8c635c,.NET 10.0,False,True,False,True,Default,Default,False,False,False,Default,Default,Default,Default,Default,InProcessEmitToolchain,Default,Default,3,Default,1,Default,Default,Default,Default,Default,Default,16,3,json-stream-phase2,10000,"4,725.3 μs",871.59 μs,47.77 μs,0.98,0.08,101.5625,0.0000,0.0000,874.52 KB,1.02
Flat_MaterializeStj,ShortRun,False,Default,Default,Default,Default,Default,Default,11111111,Empty,RyuJit,Default,X64,8c5e7fda-e8bf-4a96-9a85-a6e23a8c635c,.NET 10.0,False,True,False,True,Default,Default,False,False,False,Default,Default,Default,Default,Default,InProcessEmitToolchain,Default,Default,3,Default,1,Default,Default,Default,Default,Default,Default,16,3,json-stream-phase2,10000,"4,840.3 μs","7,859.78 μs",430.82 μs,1.01,0.11,132.8125,93.7500,62.5000,858.15 KB,1.00
ConditionalNullArm_MaterializeStj,ShortRun,False,Default,Default,Default,Default,Default,Default,11111111,Empty,RyuJit,Default,X64,8c5e7fda-e8bf-4a96-9a85-a6e23a8c635c,.NET 10.0,False,True,False,True,Default,Default,False,False,False,Default,Default,Default,Default,Default,InProcessEmitToolchain,Default,Default,3,Default,1,Default,Default,Default,Default,Default,Default,16,3,json-stream-phase2,10000,"4,949.1 μs","2,801.47 μs",153.56 μs,1.03,0.09,203.1250,148.4375,70.3125,1386.17 KB,1.62
Nested_MaterializeStj,ShortRun,False,Default,Default,Default,Default,Default,Default,11111111,Empty,RyuJit,Default,X64,8c5e7fda-e8bf-4a96-9a85-a6e23a8c635c,.NET 10.0,False,True,False,True,Default,Default,False,False,False,Default,Default,Default,Default,Default,InProcessEmitToolchain,Default,Default,3,Default,1,Default,Default,Default,Default,Default,Default,16,3,json-stream-phase2,10000,"7,108.9 μs",660.76 μs,36.22 μs,1.48,0.12,281.2500,226.5625,117.1875,1864.69 KB,2.17
Flat_Stream,ShortRun,False,Default,Default,Default,Default,Default,Default,11111111,Empty,RyuJit,Default,X64,8c5e7fda-e8bf-4a96-9a85-a6e23a8c635c,.NET 10.0,False,True,False,True,Default,Default,False,False,False,Default,Default,Default,Default,Default,InProcessEmitToolchain,Default,Default,3,Default,1,Default,Default,Default,Default,Default,Default,16,3,json-stream-phase2,10000,"7,278.3 μs","2,825.46 μs",154.87 μs,1.51,0.12,23.4375,7.8125,0.0000,240.1 KB,0.28
ConditionalNullArm_Stream,ShortRun,False,Default,Default,Default,Default,Default,Default,11111111,Empty,RyuJit,Default,X64,8c5e7fda-e8bf-4a96-9a85-a6e23a8c635c,.NET 10.0,False,True,False,True,Default,Default,False,False,False,Default,Default,Default,Default,Default,InProcessEmitToolchain,Default,Default,3,Default,1,Default,Default,Default,Default,Default,Default,16,3,json-stream-phase2,10000,"7,898.1 μs","6,176.49 μs",338.55 μs,1.64,0.14,0.0000,0.0000,0.0000,50.77 KB,0.06
JoinedSlots_MaterializeStj,ShortRun,False,Default,Default,Default,Default,Default,Default,11111111,Empty,RyuJit,Default,X64,8c5e7fda-e8bf-4a96-9a85-a6e23a8c635c,.NET 10.0,False,True,False,True,Default,Default,False,False,False,Default,Default,Default,Default,Default,InProcessEmitToolchain,Default,Default,3,Default,1,Default,Default,Default,Default,Default,Default,16,3,json-stream-phase2,10000,"8,511.6 μs","3,211.56 μs",176.04 μs,1.77,0.14,218.7500,171.8750,109.3750,1466.17 KB,1.71
Nested_Stream,ShortRun,False,Default,Default,Default,Default,Default,Default,11111111,Empty,RyuJit,Default,X64,8c5e7fda-e8bf-4a96-9a85-a6e23a8c635c,.NET 10.0,False,True,False,True,Default,Default,False,False,False,Default,Default,Default,Default,Default,InProcessEmitToolchain,Default,Default,3,Default,1,Default,Default,Default,Default,Default,Default,16,3,json-stream-phase2,10000,"10,168.7 μs",688.11 μs,37.72 μs,2.11,0.17,31.2500,15.6250,0.0000,272.55 KB,0.32
JoinedSlots_Stream,ShortRun,False,Default,Default,Default,Default,Default,Default,11111111,Empty,RyuJit,Default,X64,8c5e7fda-e8bf-4a96-9a85-a6e23a8c635c,.NET 10.0,False,True,False,True,Default,Default,False,False,False,Default,Default,Default,Default,Default,InProcessEmitToolchain,Default,Default,3,Default,1,Default,Default,Default,Default,Default,Default,16,3,json-stream-phase2,10000,"13,908.6 μs","4,317.84 μs",236.68 μs,2.89,0.23,62.5000,15.6250,0.0000,577.86 KB,0.67
