Method,Job,AnalyzeLaunchVariance,EvaluateOverhead,MaxAbsoluteError,MaxRelativeError,MinInvokeCount,MinIterationTime,OutlierMode,Affinity,EnvironmentVariables,Jit,LargeAddressAware,Platform,PowerPlanMode,Runtime,AllowVeryLargeObjects,Concurrent,CpuGroups,Force,HeapAffinitizeMask,HeapCount,NoAffinitize,RetainVm,Server,Arguments,BuildConfiguration,Clock,EngineFactory,NuGetReferences,Toolchain,IsMutator,InvocationCount,IterationCount,IterationTime,LaunchCount,MaxIterationCount,MaxWarmupIterationCount,MemoryRandomization,MinIterationCount,MinWarmupIterationCount,RunStrategy,UnrollFactor,WarmupCount,Categories,Mean,Error,StdDev,Gen0,Gen1,Gen2,Allocated
A_Nextorm_Prepared_ToList_Dto,ShortRun,False,Default,Default,Default,Default,Default,Default,11111111,Empty,RyuJit,Default,X64,8c5e7fda-e8bf-4a96-9a85-a6e23a8c635c,.NET 10.0,False,True,False,True,Default,Default,False,False,False,Default,Default,Default,Default,Default,InProcessEmitToolchain,Default,Default,3,Default,1,Default,Default,Default,Default,Default,Default,16,3,A_BufferedDto,3.743 ms,0.3475 ms,0.0190 ms,160.1563,117.1875,0.0000,1328.84 KB
Linq2Db_Compiled_ToList_Dto,ShortRun,False,Default,Default,Default,Default,Default,Default,11111111,Empty,RyuJit,Default,X64,8c5e7fda-e8bf-4a96-9a85-a6e23a8c635c,.NET 10.0,False,True,False,True,Default,Default,False,False,False,Default,Default,Default,Default,Default,InProcessEmitToolchain,Default,Default,3,Default,1,Default,Default,Default,Default,Default,Default,16,3,A_BufferedDto,5.637 ms,4.5394 ms,0.2488 ms,218.7500,210.9375,54.6875,1508.25 KB
A_EFCore_Compiled_ToList_Dto,ShortRun,False,Default,Default,Default,Default,Default,Default,11111111,Empty,RyuJit,Default,X64,8c5e7fda-e8bf-4a96-9a85-a6e23a8c635c,.NET 10.0,False,True,False,True,Default,Default,False,False,False,Default,Default,Default,Default,Default,InProcessEmitToolchain,Default,Default,3,Default,1,Default,Default,Default,Default,Default,Default,16,3,A_BufferedDto,8.012 ms,3.6239 ms,0.1986 ms,515.6250,296.8750,78.1250,3701.54 KB
Dapper_ToList_Dto,ShortRun,False,Default,Default,Default,Default,Default,Default,11111111,Empty,RyuJit,Default,X64,8c5e7fda-e8bf-4a96-9a85-a6e23a8c635c,.NET 10.0,False,True,False,True,Default,Default,False,False,False,Default,Default,Default,Default,Default,InProcessEmitToolchain,Default,Default,3,Default,1,Default,Default,Default,Default,Default,Default,16,3,"A_BufferedDto,B_BufferedDto",6.864 ms,3.4096 ms,0.1869 ms,257.8125,250.0000,62.5000,1742.31 KB
A_Nextorm_Prepared_AsyncStream_Dto,ShortRun,False,Default,Default,Default,Default,Default,Default,11111111,Empty,RyuJit,Default,X64,8c5e7fda-e8bf-4a96-9a85-a6e23a8c635c,.NET 10.0,False,True,False,True,Default,Default,False,False,False,Default,Default,Default,Default,Default,InProcessEmitToolchain,Default,Default,3,Default,1,Default,Default,Default,Default,Default,Default,16,3,A_UnbufferedDto,3.663 ms,0.0768 ms,0.0042 ms,152.3438,0.0000,0.0000,1250.56 KB
A_EFCore_Compiled_AsyncStream_Dto,ShortRun,False,Default,Default,Default,Default,Default,Default,11111111,Empty,RyuJit,Default,X64,8c5e7fda-e8bf-4a96-9a85-a6e23a8c635c,.NET 10.0,False,True,False,True,Default,Default,False,False,False,Default,Default,Default,Default,Default,InProcessEmitToolchain,Default,Default,3,Default,1,Default,Default,Default,Default,Default,Default,16,3,A_UnbufferedDto,5.047 ms,0.5239 ms,0.0287 ms,414.0625,0.0000,0.0000,3444.77 KB
Dapper_AsyncStream_Dto,ShortRun,False,Default,Default,Default,Default,Default,Default,11111111,Empty,RyuJit,Default,X64,8c5e7fda-e8bf-4a96-9a85-a6e23a8c635c,.NET 10.0,False,True,False,True,Default,Default,False,False,False,Default,Default,Default,Default,Default,InProcessEmitToolchain,Default,Default,3,Default,1,Default,Default,Default,Default,Default,Default,16,3,"A_UnbufferedDto,B_UnbufferedDto",4.591 ms,0.6484 ms,0.0355 ms,179.6875,0.0000,0.0000,1485.82 KB
B_Nextorm_Cached_ToList_Dto,ShortRun,False,Default,Default,Default,Default,Default,Default,11111111,Empty,RyuJit,Default,X64,8c5e7fda-e8bf-4a96-9a85-a6e23a8c635c,.NET 10.0,False,True,False,True,Default,Default,False,False,False,Default,Default,Default,Default,Default,InProcessEmitToolchain,Default,Default,3,Default,1,Default,Default,Default,Default,Default,Default,16,3,B_BufferedDto,3.786 ms,0.2005 ms,0.0110 ms,160.1563,109.3750,0.0000,1332.39 KB
B_Linq2Db_ToList_Dto,ShortRun,False,Default,Default,Default,Default,Default,Default,11111111,Empty,RyuJit,Default,X64,8c5e7fda-e8bf-4a96-9a85-a6e23a8c635c,.NET 10.0,False,True,False,True,Default,Default,False,False,False,Default,Default,Default,Default,Default,InProcessEmitToolchain,Default,Default,3,Default,1,Default,Default,Default,Default,Default,Default,16,3,B_BufferedDto,8.148 ms,29.7097 ms,1.6285 ms,218.7500,210.9375,54.6875,1511.3 KB
B_EFCore_ToList_Dto,ShortRun,False,Default,Default,Default,Default,Default,Default,11111111,Empty,RyuJit,Default,X64,8c5e7fda-e8bf-4a96-9a85-a6e23a8c635c,.NET 10.0,False,True,False,True,Default,Default,False,False,False,Default,Default,Default,Default,Default,InProcessEmitToolchain,Default,Default,3,Default,1,Default,Default,Default,Default,Default,Default,16,3,B_BufferedDto,8.594 ms,1.8356 ms,0.1006 ms,500.0000,250.0000,62.5000,3705.59 KB
B_Nextorm_Cached_AsyncStream_Dto,ShortRun,False,Default,Default,Default,Default,Default,Default,11111111,Empty,RyuJit,Default,X64,8c5e7fda-e8bf-4a96-9a85-a6e23a8c635c,.NET 10.0,False,True,False,True,Default,Default,False,False,False,Default,Default,Default,Default,Default,InProcessEmitToolchain,Default,Default,3,Default,1,Default,Default,Default,Default,Default,Default,16,3,B_UnbufferedDto,4.019 ms,0.6131 ms,0.0336 ms,148.4375,0.0000,0.0000,1254.3 KB
B_Linq2Db_AsyncStream_Dto,ShortRun,False,Default,Default,Default,Default,Default,Default,11111111,Empty,RyuJit,Default,X64,8c5e7fda-e8bf-4a96-9a85-a6e23a8c635c,.NET 10.0,False,True,False,True,Default,Default,False,False,False,Default,Default,Default,Default,Default,InProcessEmitToolchain,Default,Default,3,Default,1,Default,Default,Default,Default,Default,Default,16,3,B_UnbufferedDto,4.595 ms,1.2300 ms,0.0674 ms,148.4375,0.0000,0.0000,1254.55 KB
B_EFCore_AsyncStream_Dto,ShortRun,False,Default,Default,Default,Default,Default,Default,11111111,Empty,RyuJit,Default,X64,8c5e7fda-e8bf-4a96-9a85-a6e23a8c635c,.NET 10.0,False,True,False,True,Default,Default,False,False,False,Default,Default,Default,Default,Default,InProcessEmitToolchain,Default,Default,3,Default,1,Default,Default,Default,Default,Default,Default,16,3,B_UnbufferedDto,5.105 ms,1.0787 ms,0.0591 ms,421.8750,7.8125,0.0000,3448.89 KB
A_Nextorm_Prepared_ToDataReader,ShortRun,False,Default,Default,Default,Default,Default,Default,11111111,Empty,RyuJit,Default,X64,8c5e7fda-e8bf-4a96-9a85-a6e23a8c635c,.NET 10.0,False,True,False,True,Default,Default,False,False,False,Default,Default,Default,Default,Default,InProcessEmitToolchain,Default,1,3,Default,1,Default,Default,Default,Default,Default,Default,1,3,A_RawReader,4.302 ms,5.6038 ms,0.3072 ms,0.0000,0.0000,0.0000,944.8 KB
Dapper_ToDataReader,ShortRun,False,Default,Default,Default,Default,Default,Default,11111111,Empty,RyuJit,Default,X64,8c5e7fda-e8bf-4a96-9a85-a6e23a8c635c,.NET 10.0,False,True,False,True,Default,Default,False,False,False,Default,Default,Default,Default,Default,InProcessEmitToolchain,Default,1,3,Default,1,Default,Default,Default,Default,Default,Default,1,3,B_RawReader,3.761 ms,7.1605 ms,0.3925 ms,0.0000,0.0000,0.0000,942.77 KB
Linq2Db_ToDataReader,ShortRun,False,Default,Default,Default,Default,Default,Default,11111111,Empty,RyuJit,Default,X64,8c5e7fda-e8bf-4a96-9a85-a6e23a8c635c,.NET 10.0,False,True,False,True,Default,Default,False,False,False,Default,Default,Default,Default,Default,InProcessEmitToolchain,Default,1,3,Default,1,Default,Default,Default,Default,Default,Default,1,3,B_RawReader,3.762 ms,7.0212 ms,0.3849 ms,0.0000,0.0000,0.0000,943 KB
