Method,Job,AnalyzeLaunchVariance,EvaluateOverhead,MaxAbsoluteError,MaxRelativeError,MinInvokeCount,MinIterationTime,OutlierMode,Affinity,EnvironmentVariables,Jit,LargeAddressAware,Platform,PowerPlanMode,Runtime,AllowVeryLargeObjects,Concurrent,CpuGroups,Force,HeapAffinitizeMask,HeapCount,NoAffinitize,RetainVm,Server,Arguments,BuildConfiguration,Clock,EngineFactory,NuGetReferences,Toolchain,IsMutator,InvocationCount,IterationCount,IterationTime,LaunchCount,MaxIterationCount,MaxWarmupIterationCount,MemoryRandomization,MinIterationCount,MinWarmupIterationCount,RunStrategy,UnrollFactor,WarmupCount,Categories,Mean,Error,StdDev,Ratio,RatioSD,Gen0,Gen1,Allocated,Alloc Ratio
Where_Construct,ShortRun,False,Default,Default,Default,Default,Default,Default,11111111,Empty,RyuJit,Default,X64,8c5e7fda-e8bf-4a96-9a85-a6e23a8c635c,.NET 10.0,False,True,False,True,Default,Default,False,False,False,Default,Default,Default,Default,Default,InProcessEmitToolchain,Default,Default,3,Default,1,Default,Default,Default,Default,Default,Default,16,3,stage-a,119.0 μs,41.03 μs,2.25 μs,1.00,0.02,30.2734,0.0000,248.44 KB,1.00
Where_Prepare_NoHash,ShortRun,False,Default,Default,Default,Default,Default,Default,11111111,Empty,RyuJit,Default,X64,8c5e7fda-e8bf-4a96-9a85-a6e23a8c635c,.NET 10.0,False,True,False,True,Default,Default,False,False,False,Default,Default,Default,Default,Default,InProcessEmitToolchain,Default,Default,3,Default,1,Default,Default,Default,Default,Default,Default,16,3,stage-a,274.6 μs,119.18 μs,6.53 μs,2.31,0.06,46.3867,0.0000,378.92 KB,1.53
Where_Prepare_Hash,ShortRun,False,Default,Default,Default,Default,Default,Default,11111111,Empty,RyuJit,Default,X64,8c5e7fda-e8bf-4a96-9a85-a6e23a8c635c,.NET 10.0,False,True,False,True,Default,Default,False,False,False,Default,Default,Default,Default,Default,InProcessEmitToolchain,Default,Default,3,Default,1,Default,Default,Default,Default,Default,Default,16,3,stage-a,335.6 μs,381.55 μs,20.91 μs,2.82,0.16,51.7578,0.4883,425.01 KB,1.71
Join_Construct,ShortRun,False,Default,Default,Default,Default,Default,Default,11111111,Empty,RyuJit,Default,X64,8c5e7fda-e8bf-4a96-9a85-a6e23a8c635c,.NET 10.0,False,True,False,True,Default,Default,False,False,False,Default,Default,Default,Default,Default,InProcessEmitToolchain,Default,Default,3,Default,1,Default,Default,Default,Default,Default,Default,16,3,stage-a,562.9 μs,328.48 μs,18.00 μs,4.73,0.15,71.2891,0.0000,585.98 KB,2.36
Where_CachedHit_PlanOnly,ShortRun,False,Default,Default,Default,Default,Default,Default,11111111,Empty,RyuJit,Default,X64,8c5e7fda-e8bf-4a96-9a85-a6e23a8c635c,.NET 10.0,False,True,False,True,Default,Default,False,False,False,Default,Default,Default,Default,Default,InProcessEmitToolchain,Default,Default,3,Default,1,Default,Default,Default,Default,Default,Default,16,3,stage-a,697.3 μs,906.74 μs,49.70 μs,5.86,0.37,77.1484,0.0000,637.52 KB,2.57
Join_Prepare_NoHash,ShortRun,False,Default,Default,Default,Default,Default,Default,11111111,Empty,RyuJit,Default,X64,8c5e7fda-e8bf-4a96-9a85-a6e23a8c635c,.NET 10.0,False,True,False,True,Default,Default,False,False,False,Default,Default,Default,Default,Default,InProcessEmitToolchain,Default,Default,3,Default,1,Default,Default,Default,Default,Default,Default,16,3,stage-a,"1,109.9 μs","1,201.28 μs",65.85 μs,9.33,0.50,101.5625,0.0000,831.31 KB,3.35
Where_Prepared_ToList,ShortRun,False,Default,Default,Default,Default,Default,Default,11111111,Empty,RyuJit,Default,X64,8c5e7fda-e8bf-4a96-9a85-a6e23a8c635c,.NET 10.0,False,True,False,True,Default,Default,False,False,False,Default,Default,Default,Default,Default,InProcessEmitToolchain,Default,Default,3,Default,1,Default,Default,Default,Default,Default,Default,16,3,stage-a,"1,171.9 μs","1,438.69 μs",78.86 μs,9.85,0.60,7.8125,0.0000,76.14 KB,0.31
Join_Prepare_Hash,ShortRun,False,Default,Default,Default,Default,Default,Default,11111111,Empty,RyuJit,Default,X64,8c5e7fda-e8bf-4a96-9a85-a6e23a8c635c,.NET 10.0,False,True,False,True,Default,Default,False,False,False,Default,Default,Default,Default,Default,InProcessEmitToolchain,Default,Default,3,Default,1,Default,Default,Default,Default,Default,Default,16,3,stage-a,"1,253.9 μs","3,163.05 μs",173.38 μs,10.54,1.27,105.4688,0.0000,874.28 KB,3.52
Join_Prepared_ToList,ShortRun,False,Default,Default,Default,Default,Default,Default,11111111,Empty,RyuJit,Default,X64,8c5e7fda-e8bf-4a96-9a85-a6e23a8c635c,.NET 10.0,False,True,False,True,Default,Default,False,False,False,Default,Default,Default,Default,Default,InProcessEmitToolchain,Default,Default,3,Default,1,Default,Default,Default,Default,Default,Default,16,3,stage-a,"1,381.9 μs","1,076.73 μs",59.02 μs,11.62,0.47,7.8125,0.0000,78.34 KB,0.32
Where_CachedHit_ToList,ShortRun,False,Default,Default,Default,Default,Default,Default,11111111,Empty,RyuJit,Default,X64,8c5e7fda-e8bf-4a96-9a85-a6e23a8c635c,.NET 10.0,False,True,False,True,Default,Default,False,False,False,Default,Default,Default,Default,Default,InProcessEmitToolchain,Default,Default,3,Default,1,Default,Default,Default,Default,Default,Default,16,3,stage-a,"2,007.5 μs","2,864.31 μs",157.00 μs,16.87,1.18,85.9375,0.0000,708.98 KB,2.85
Join_CachedHit_PlanOnly,ShortRun,False,Default,Default,Default,Default,Default,Default,11111111,Empty,RyuJit,Default,X64,8c5e7fda-e8bf-4a96-9a85-a6e23a8c635c,.NET 10.0,False,True,False,True,Default,Default,False,False,False,Default,Default,Default,Default,Default,InProcessEmitToolchain,Default,Default,3,Default,1,Default,Default,Default,Default,Default,Default,16,3,stage-a,"2,230.4 μs","5,991.55 μs",328.42 μs,18.75,2.41,144.5313,0.0000,1189.92 KB,4.79
Join_CachedHit_ToList,ShortRun,False,Default,Default,Default,Default,Default,Default,11111111,Empty,RyuJit,Default,X64,8c5e7fda-e8bf-4a96-9a85-a6e23a8c635c,.NET 10.0,False,True,False,True,Default,Default,False,False,False,Default,Default,Default,Default,Default,InProcessEmitToolchain,Default,Default,3,Default,1,Default,Default,Default,Default,Default,Default,16,3,stage-a,"5,610.3 μs","3,649.71 μs",200.05 μs,47.16,1.65,148.4375,0.0000,1263.57 KB,5.09
